timestamp,decision,key,track_id,title,artist,streams,spotify_url
2025-10-18T00:15:11.528932,keep,txt:BIRDS OF A FEATHER|Billie Eilish|3117736081,6dOtVTDdiauQNBQEDOtlAB,BIRDS OF A FEATHER,Billie Eilish,3117736081,
2025-10-18T00:15:18.417882,keep,txt:Cruel Summer|Taylor Swift|3110226709,1BxfuPKGuaTgP7aM0Bbdwr,Cruel Summer,Taylor Swift,3110226709,
2025-10-18T00:35:23.960452+00:00,keep,txt:Señorita|Shawn Mendes|3140905030,0TK2YIli7K1leLovkQiNik,Señorita,Shawn Mendes,3140905030,
2025-10-18T00:35:30.212304+00:00,keep,txt:BIRDS OF A FEATHER|Billie Eilish|3121042088,6dOtVTDdiauQNBQEDOtlAB,BIRDS OF A FEATHER,Billie Eilish,3121042088,
2025-10-18T00:35:33.291133+00:00,keep,txt:Cruel Summer|Taylor Swift|3111306026,1BxfuPKGuaTgP7aM0Bbdwr,Cruel Summer,Taylor Swift,3111306026,
2025-10-18T00:35:35.184575+00:00,keep,txt:Don't Start Now|Dua Lipa|3057886821,6WrI0LAC5M1Rw2MnX2ZvEg,Don't Start Now,Dua Lipa,3057886821,
2025-10-18T00:35:39.919458+00:00,keep,txt:Die With A Smile|Lady Gaga|3056375861,2plbrEY59IikOBgBGLjaoe,Die With A Smile,Lady Gaga,3056375861,
2025-10-18T00:35:41.369582+00:00,keep,txt:goosebumps|Travis Scott|2966415777,6gBFPUFcJLzWGx4lenP6h2,goosebumps,Travis Scott,2966415777,
2025-10-18T00:35:43.257293+00:00,keep,txt:Love Yourself|Justin Bieber|2927424005,2L8B3sLZ2GW6x5ajeiH8bS,Love Yourself,Justin Bieber,2927424005,
2025-10-18T00:35:45.282419+00:00,keep,txt:Shallow|Lady Gaga|2909743240,2VxeLyX666F8uXCJ0dZF8B,Shallow,Lady Gaga,2909743240,
2025-10-18T00:35:46.803264+00:00,keep,txt:Thunder|Imagine Dragons|2848762890,1zB4vmk8tFRmM9UULNzbLB,Thunder,Imagine Dragons,2848762890,
2025-10-18T00:35:53.129998+00:00,keep,txt:Let Me Love You|DJ Snake|2688248414,0lYBSQXN6rCTvUZvg9S0lU,Let Me Love You,DJ Snake,2688248414,
2025-10-18T00:35:54.533614+00:00,keep,txt:Flowers|Miley Cyrus|2683068086,7DSAEUvxU8FajXtRloy8M0,Flowers,Miley Cyrus,2683068086,
2025-10-18T00:35:55.850268+00:00,keep,txt:Sorry|Justin Bieber|2593962312,00ikRnfV36fFD6b01N4R43,Sorry,Justin Bieber,2593962312,
2025-10-18T00:36:02.334153+00:00,skip,txt:Seven|Jung Kook|2593012175,,Seven,Jung Kook,2593012175,
2025-10-18T00:36:04.767188+00:00,keep,txt:The Scientist|Coldplay|2579945500,75JFxkI2RXiU7L9VXzMkle,The Scientist,Coldplay,2579945500,
2025-10-18T00:36:06.413996+00:00,keep,txt:Beautiful Things|Benson Boone|2523080682,00y2PwZgruBP17HCYhfjJo,Beautiful Things,Benson Boone,2523080682,
2025-10-18T00:36:08.443766+00:00,keep,txt:Cold Heart|Elton John|2518705977,6zSpb8dQRaw0M1dK8PBwQz,Cold Heart,Elton John,2518705977,
2025-10-18T00:36:12.690531+00:00,keep,txt:Uptown Funk|Mark Ronson|2457975205,32OlwWuMpZ6b0aN2RZOeMS,Uptown Funk,Mark Ronson,2457975205,
2025-10-18T00:36:17.847849+00:00,skip,txt:Clean Baby Sleep White Noise (Loopable)|Dream Supplier|2455391011,,Clean Baby Sleep White Noise (Loopable),Dream Supplier,2455391011,
2025-10-18T00:36:20.581201+00:00,skip,txt:Before You Go|Lewis Capaldi|2308231831,,Before You Go,Lewis Capaldi,2308231831,
2025-10-18T00:36:21.514676+00:00,skip,txt:Seven|Jung Kook|2285910496,,Seven,Jung Kook,2285910496,
2025-10-18T00:36:24.092459+00:00,skip,txt:Easy On Me|Adele|2279419492,,Easy On Me,Adele,2279419492,
2025-10-18T00:36:26.672851+00:00,keep,txt:Another One Bites The Dust|Queen|2273943751,5vdp5UmvTsnMEMESIF2Ym7,Another One Bites The Dust,Queen,2273943751,
2025-10-18T00:36:28.756429+00:00,skip,txt:La Bachata|Manuel Turizo|2273601017,,La Bachata,Manuel Turizo,2273601017,
2025-10-18T00:36:30.066872+00:00,keep,txt:Faded|Alan Walker|2261364160,7gHs73wELdeycvS48JfIos,Faded,Alan Walker,2261364160,
2025-10-18T00:36:31.785300+00:00,keep,txt:I Took A Pill In Ibiza|Mike Posner|2255007560,0vbtURX4qv1l7besfwmnD8,I Took A Pill In Ibiza,Mike Posner,2255007560,
2025-10-18T00:36:33.933937+00:00,keep,txt:LA CANCIÓN|J Balvin|2242406402,0fea68AdmYNygeTGI4RC18,LA CANCIÓN,J Balvin,2242406402,
2025-10-18T00:36:35.022298+00:00,skip,txt:I'm Good (Blue)|David Guetta|2223951928,,I'm Good (Blue),David Guetta,2223951928,
2025-10-18T00:42:50.728012+00:00,skip,txt:Me Rehúso|Danny Ocean|2200063764,,Me Rehúso,Danny Ocean,2200063764,
2025-10-18T00:42:53.452329+00:00,keep,txt:All I Want for Christmas Is You|Mariah Carey|2197730701,0bYg9bo50gSsH3LtXe2SQn,All I Want for Christmas Is You,Mariah Carey,2197730701,
2025-10-18T00:43:03.253616+00:00,skip,txt:One Of The Girls|The Weeknd|2194925256,,One Of The Girls,The Weeknd,2194925256,
2025-10-18T00:43:05.624829+00:00,keep,txt:Shut Up and Dance|WALK THE MOON|2183571466,4kbj5MwxO1bq9wjT5g9HaA,Shut Up and Dance,WALK THE MOON,2183571466,
2025-10-18T00:43:07.404721+00:00,skip,txt:Vem Dancar Kuduro|Lucenzo|2176828030,,Vem Dancar Kuduro,Lucenzo,2176828030,
2025-10-18T00:43:26.085903+00:00,skip,txt:Have You Ever Seen The Rain|Creedence Clearwater Revival|2156452666,,Have You Ever Seen The Rain,Creedence Clearwater Revival,2156452666,
2025-10-18T00:43:27.864286+00:00,skip,txt:Dynamite|BTS|2139196407,,Dynamite,BTS,2139196407,
2025-10-18T00:43:29.126398+00:00,skip,txt:Me Porto Bonito|Bad Bunny|2135068638,,Me Porto Bonito,Bad Bunny,2135068638,
2025-10-18T00:43:30.762366+00:00,skip,"txt:September|Earth, Wind & Fire|2133019289",,September,"Earth, Wind & Fire",2133019289,
2025-10-18T00:43:32.123046+00:00,skip,txt:I Ain't Worried|OneRepublic|2130023184,,I Ain't Worried,OneRepublic,2130023184,
2025-10-18T00:43:35.549073+00:00,skip,txt:Set Fire to the Rain|Adele|2129334914,,Set Fire to the Rain,Adele,2129334914,
2025-10-18T00:43:39.995118+00:00,keep,txt:Set Fire to the Rain|Adele|2129334914,3di5hcvxxciiqwMH1jarhY,Set Fire to the Rain,Adele,2129334914,
2025-10-18T00:43:42.273335+00:00,skip,txt:Roses (Imanbek Remix)|SAINt JHN|2106236245,,Roses (Imanbek Remix),SAINt JHN,2106236245,
2025-10-18T00:43:43.508992+00:00,skip,txt:Lose Control|Teddy Swims|2100722437,,Lose Control,Teddy Swims,2100722437,
2025-10-18T00:43:44.583456+00:00,skip,txt:Highway to Hell|AC/DC|2073230406,,Highway to Hell,AC/DC,2073230406,
2025-10-18T00:43:48.814864+00:00,keep,txt:Titanium|David Guetta|2068763257,2dOTkLZFbpNXrhc24CnTFd,Titanium,David Guetta,2068763257,
2025-10-18T00:43:51.047656+00:00,skip,txt:I Don't Care|Ed Sheeran|2068433144,,I Don't Care,Ed Sheeran,2068433144,
2025-10-18T00:43:53.934760+00:00,keep,txt:Ghost|Justin Bieber|2062030916,6I3mqTwhRpn34SLVafSH7G,Ghost,Justin Bieber,2062030916,
2025-10-18T00:43:55.740302+00:00,skip,txt:Who|Jimin|2061654867,,Who,Jimin,2061654867,
2025-10-18T00:43:57.894630+00:00,skip,txt:APT.|ROSÉ|2059272215,,APT.,ROSÉ,2059272215,
2025-10-18T00:44:01.222666+00:00,keep,txt:APT.|ROSÉ|2059272215,4wJ5Qq0jBN4ajy7ouZIV1c,APT.,ROSÉ,2059272215,
2025-10-18T00:44:02.493204+00:00,skip,txt:Be Alright|Dean Lewis|2055668234,,Be Alright,Dean Lewis,2055668234,
2025-10-18T00:44:03.748819+00:00,skip,txt:Seven Nation Army|The White Stripes|2038604699,,Seven Nation Army,The White Stripes,2038604699,
2025-10-18T00:44:07.051487+00:00,keep,txt:Bad Habits|Ed Sheeran|2033098151,3rmo8F54jFF8OgYsqTxm5d,Bad Habits,Ed Sheeran,2033098151,
2025-10-18T00:44:08.645076+00:00,skip,txt:Cheerleader (Felix Jaehn Remix)|OMI|2028756676,,Cheerleader (Felix Jaehn Remix),OMI,2028756676,
2025-10-18T00:44:11.058388+00:00,keep,txt:Fuck Love|XXXTENTACION|2024805621,7AQim7LbvFVZJE3O8TYgf2,Fuck Love,XXXTENTACION,2024805621,
2025-10-18T00:44:13.611538+00:00,skip,txt:Despacito|Luis Fonsi|2013774264,,Despacito,Luis Fonsi,2013774264,
2025-10-18T00:45:02.256612+00:00,keep,txt:Hotel California|Eagles|2011222158,40riOy7x9W7GXjyGp4pjAv,Hotel California,Eagles,2011222158,
2025-10-18T00:45:17.584043+00:00,skip,txt:Thunderstruck|AC/DC|1996051820,,Thunderstruck,AC/DC,1996051820,
2025-10-18T00:45:35.926927+00:00,skip,txt:Under Pressure|Queen|1995917854,,Under Pressure,Queen,1995917854,
2025-10-18T00:45:39.061013+00:00,keep,txt:Save Your Tears (Remix)|The Weeknd|1990795695,37BZB0z9T8Xu7U3e65qxFy,Save Your Tears (Remix),The Weeknd,1990795695,
2025-10-18T00:45:41.122654+00:00,skip,txt:Me Rehúso|Danny Ocean|1988553658,,Me Rehúso,Danny Ocean,1988553658,
2025-10-18T00:45:43.144591+00:00,keep,txt:Back In Black|AC/DC|1986333044,08mG3Y1vljYA6bvDt4Wqkj,Back In Black,AC/DC,1986333044,
2025-10-18T00:45:45.050042+00:00,keep,txt:Woman|Doja Cat|1985709394,6Uj1ctrBOjOas8xZXGqKk4,Woman,Doja Cat,1985709394,
2025-10-18T00:45:46.433864+00:00,skip,"txt:Quevedo: Bzrp Music Sessions, Vol. 52|Bizarrap|1977546205",,"Quevedo: Bzrp Music Sessions, Vol. 52",Bizarrap,1977546205,
2025-10-18T00:45:50.958647+00:00,keep,"txt:CAN'T STOP THE FEELING! (from DreamWorks Animation's ""TROLLS"")|Justin Timberlake|1970459915",6JV2JOEocMgcZxYSZelKcc,"CAN'T STOP THE FEELING! (from DreamWorks Animation's ""TROLLS"")",Justin Timberlake,1970459915,
2025-10-18T00:45:52.638085+00:00,keep,txt:Timber|Pitbull|1956599968,3tgZ9vmhuAY9wEoNUJskzV,Timber,Pitbull,1956599968,
2025-10-18T00:45:56.709152+00:00,keep,txt:Sweet but Psycho|Ava Max|1933614570,0dE0TVR4av3kNDHLmKwu3n,Sweet but Psycho,Ava Max,1933614570,
2025-10-18T00:45:58.875201+00:00,skip,txt:Shivers|Ed Sheeran|1931108106,,Shivers,Ed Sheeran,1931108106,
2025-10-18T00:46:01.127688+00:00,keep,txt:What Do You Mean?|Justin Bieber|1923079352,00mK6HE0uupSi65oIYIUqR,What Do You Mean?,Justin Bieber,1923079352,
2025-10-18T00:46:03.129997+00:00,keep,txt:Anti-Hero|Taylor Swift|1914546378,0V3wPSX9ygBnCm8psDIegu,Anti-Hero,Taylor Swift,1914546378,
2025-10-18T00:46:05.242262+00:00,keep,txt:Best Part|Daniel Caesar|1910721932,1Q7EgiMOuwDcB0PJC6AzON,Best Part,Daniel Caesar,1910721932,
2025-10-18T00:46:06.834279+00:00,keep,txt:Last Christmas|Wham!|1904906183,2FRnf9qhLbvw8fu4IBXx78,Last Christmas,Wham!,1904906183,
2025-10-18T00:46:09.396792+00:00,keep,txt:I Gotta Feeling|Black Eyed Peas|1894415180,2H1047e0oMSj10dgp7p2VG,I Gotta Feeling,Black Eyed Peas,1894415180,
2025-10-18T00:46:11.458518+00:00,skip,txt:Lover|Taylor Swift|1891853350,,Lover,Taylor Swift,1891853350,
2025-10-18T00:46:13.671531+00:00,keep,txt:Talking to the Moon|Bruno Mars|1876096566,6i4CbBs85FZ4Wmz5JsX3LW,Talking to the Moon,Bruno Mars,1876096566,
2025-10-18T00:46:15.421684+00:00,skip,txt:Clean Baby Sleep White Noise (Loopable)|Dream Supplier|1873931846,,Clean Baby Sleep White Noise (Loopable),Dream Supplier,1873931846,
