rank,title,artist,streams,spotify_url,track_id
,Señorita,Shawn Mendes,3140905030,,
,BIRDS OF A FEATHER,Billie Eilish,3121042088,,
,Cruel Summer,Taylor Swift,3111306026,,
,Don't Start Now,Dua Lipa,3057886821,,
,Die With A Smile,Lady Gaga,3056375861,,
,goosebumps,Travis Scott,2966415777,,
,Love Yourself,Justin Bieber,2927424005,,
,Shallow,Lady Gaga,2909743240,,
,Thunder,Imagine Dragons,2848762890,,
,Let Me Love You,DJ Snake,2688248414,,
,Flowers,Miley Cyrus,2683068086,,
,Sorry,Justin Bieber,2593962312,,
,Seven,Jung Kook,2593012175,,
,The Scientist,Coldplay,2579945500,,
,Beautiful Things,Benson Boone,2523080682,,
,Cold Heart,Elton John,2518705977,,
,Uptown Funk,Mark Ronson,2457975205,,
,Clean Baby Sleep White Noise (Loopable),Dream Supplier,2455391011,,
,Before You Go,Lewis Capaldi,2308231831,,
,Seven,Jung Kook,2285910496,,
,Easy On Me,Adele,2279419492,,
,Another One Bites The Dust,Queen,2273943751,,
,La Bachata,Manuel Turizo,2273601017,,
,Faded,Alan Walker,2261364160,,
,I Took A Pill In Ibiza,Mike Posner,2255007560,,
,LA CANCIÓN,J Balvin,2242406402,,
,I'm Good (Blue),David Guetta,2223951928,,
,Me Rehúso,Danny Ocean,2200063764,,
,All I Want for Christmas Is You,Mariah Carey,2197730701,,
,One Of The Girls,The Weeknd,2194925256,,
,Shut Up and Dance,WALK THE MOON,2183571466,,
,Vem Dancar Kuduro,Lucenzo,2176828030,,
,Have You Ever Seen The Rain,Creedence Clearwater Revival,2156452666,,
,Dynamite,BTS,2139196407,,
,Me Porto Bonito,Bad Bunny,2135068638,,
,September,"Earth, Wind & Fire",2133019289,,
,I Ain't Worried,OneRepublic,2130023184,,
,Set Fire to the Rain,Adele,2129334914,,
,Roses (Imanbek Remix),SAINt JHN,2106236245,,
,Lose Control,Teddy Swims,2100722437,,
,Highway to Hell,AC/DC,2073230406,,
,Titanium,David Guetta,2068763257,,
,I Don't Care,Ed Sheeran,2068433144,,
,Ghost,Justin Bieber,2062030916,,
,Who,Jimin,2061654867,,
,APT.,ROSÉ,2059272215,,
,Be Alright,Dean Lewis,2055668234,,
,Seven Nation Army,The White Stripes,2038604699,,
,Bad Habits,Ed Sheeran,2033098151,,
,Cheerleader (Felix Jaehn Remix),OMI,2028756676,,
,Fuck Love,XXXTENTACION,2024805621,,
,Despacito,Luis Fonsi,2013774264,,
,Hotel California,Eagles,2011222158,,
,Thunderstruck,AC/DC,1996051820,,
,Under Pressure,Queen,1995917854,,
,Save Your Tears (Remix),The Weeknd,1990795695,,
,Me Rehúso,Danny Ocean,1988553658,,
,Back In Black,AC/DC,1986333044,,
,Woman,Doja Cat,1985709394,,
,"Quevedo: Bzrp Music Sessions, Vol. 52",Bizarrap,1977546205,,
,"CAN'T STOP THE FEELING! (from DreamWorks Animation's ""TROLLS"")",Justin Timberlake,1970459915,,
,Timber,Pitbull,1956599968,,
,Sweet but Psycho,Ava Max,1933614570,,
,Shivers,Ed Sheeran,1931108106,,
,What Do You Mean?,Justin Bieber,1923079352,,
,Anti-Hero,Taylor Swift,1914546378,,
,Best Part,Daniel Caesar,1910721932,,
,Last Christmas,Wham!,1904906183,,
,I Gotta Feeling,Black Eyed Peas,1894415180,,
,Lover,Taylor Swift,1891853350,,
,Talking to the Moon,Bruno Mars,1876096566,,
,Clean Baby Sleep White Noise (Loopable),Dream Supplier,1873931846,,
,Enemy,Imagine Dragons,1872947375,,
,Enter Sandman,Metallica,1859756960,,
,Ric Flair Drip,Offset,1855600806,,
,Wow.,Post Malone,1854717985,,
,you broke me first,Tate McRae,1853436770,,
,Despacito,Luis Fonsi,1840940123,,
,Unholy,Sam Smith,1838862543,,
,Tití Me Preguntó,Bad Bunny,1833524901,,
,Young And Beautiful,Lana Del Rey,1828233901,,
,Gata Only,FloyyMenor,1824342783,,
,Stolen Dance,Milky Chance,1817676371,,
,Chop Suey!,System Of A Down,1813916484,,
,Californication,Red Hot Chili Peppers,1809153926,,
,cardigan,Taylor Swift,1803770194,,
,Losing My Religion,R.E.M.,1797227813,,
,Come As You Are,Nirvana,1788506797,,
,I Like It,Cardi B,1788274542,,
,Cake By The Ocean,MUSIC LAB JPN,1786988123,,
,Rockabye,Clean Bandit,1771771531,,
,I Fall Apart,Post Malone,1771756524,,
,Under the Bridge,Red Hot Chili Peppers,1770328907,,
,Symphony,Clean Bandit,1768956623,,
,Ojitos Lindos,Bad Bunny,1768784091,,
,Fortunate Son,Creedence Clearwater Revival,1767199298,,
,Unstoppable,Sia,1762157509,,
,24K Magic,Bruno Mars,1761452339,,
,2002,Anne-Marie,1759254792,,
,ROCKSTAR,DaBaby,1753069416,,
,One Of The Girls,The Weeknd,1736785430,,
,End of Beginning,Djo,1732868337,,
,Safe And Sound,Capital Cities,1730108490,,
,Drip Too Hard,Lil Baby,1726558538,,
,Pepas,Farruko,1724884158,,
,Clean White Noise,White Noise Baby Sleep,1720942107,,
,Always Remember Us This Way,Lady Gaga,1717518333,,
,What Makes You Beautiful,One Direction,1714952638,,
,Under The Influence,Chris Brown,1711183480,,
,"Young, Wild & Free (feta. Bruno Mars)",Snoop Dogg,1699590164,,
,Callaita,Bad Bunny,1696057174,,
,Todo De Ti,Rauw Alejandro,1692780427,,
,Can't Stop,Red Hot Chili Peppers,1683577339,,
,The Middle,Zedd,1679670822,,
,Bring Me To Life,Evanescence,1673739696,,
,In My Mind,Dynoro,1666693598,,
,No Me Conoce,JHAYCO,1659513047,,
,Tusa,KAROL G,1656337592,,
,Happy,Pharrell Williams,1654774105,,
,positions,Ariana Grande,1652782165,,
,Bones,Imagine Dragons,1650670238,,
,august,Taylor Swift,1640385208,,
,Where Are You Now,Lost Frequencies,1617834490,,
,Various Artists -,,1608292702,,
,Hawái,Maluma,1596220840,,
,Zombie,The Cranberries,1596046003,,
,Ho Hey,The Lumineers,1595759498,,
,WILDFLOWER,Billie Eilish,1593014850,,
,Sultans Of Swing,Dire Straits,1592040576,,
,Who,Jimin,1590630006,,
,PROVENZA,KAROL G,1588226619,,
,We Will Rock You,Queen,1577581319,,
,FRIENDS,Marshmello,1576893806,,
,Whatever It Takes,Imagine Dragons,1575649565,,
,Sweet Home Alabama,Lynyrd Skynyrd,1575077446,,
,Yonaguni,Bad Bunny,1569088670,,
,Ride It,Regard,1559817996,,
,Con Calma,Daddy Yankee,1555999851,,
,"Paint It, Black",The Rolling Stones,1555836952,,
,Efecto,Bad Bunny,1554591936,,
,Ophelia,The Lumineers,1553870302,,
,More Than You Know,Axwell /\ Ingrosso,1553123819,,
,Freaks,Surf Curse,1540026363,,
,You Shook Me All Night Long,AC/DC,1538880290,,
,Summer Of '69,Bryan Adams,1538301013,,
,Everlong,Foo Fighters,1535868579,,
,How You Remind Me,Nickelback,1529388643,,
,Girls Just Want to Have Fun,Cyndi Lauper,1527111153,,
,Girls Just Wanna Have Fun,Cyndi Lauper,1525873177,,
,Star Shopping,Lil Peep,1523368260,,
,My Universe,Coldplay,1520035870,,
,"Me, Myself & I",G-Eazy,1519184093,,
,Welcome To The Jungle,Guns N' Roses,1518541927,,
,Gata Only,FloyyMenor,1516510630,,
,Meant to Be,Bebe Rexha,1515670209,,
,The Chain,Fleetwood Mac,1503511364,,
,Light It Up (Remix),Major Lazer,1494089297,,
,Lemonade,Internet Money,1488805314,,
,Nothing Else Matters,Metallica,1486604044,,
,MIA,Bad Bunny,1484488575,,
,Paranoid,Black Sabbath,1483303063,,
,WAP,Cardi B,1480790804,,
,A Bar Song (Tipsy),Shaboozey,1478777263,,
,Ella Baila Sola,Eslabon Armado,1476346014,,
,Budapest,George Ezra,1475204304,,
,Natural,Imagine Dragons,1470929852,,
,Way down We Go,KALEO,1467883373,,
,Dream On,Aerosmith,1458785768,,
,Sugar,Robin Schulz,1457743497,,
,Si Antes Te Hubiera Conocido,KAROL G,1457464656,,
,golden hour,JVKE,1450552947,,
,Happier,Ed Sheeran,1446126767,,
,Heartbreak Anniversary,GIVĒON,1443050760,,
,Roar,Katy Perry,1437833741,,
,Centuries,Fall Out Boy,1435336340,,
,Last Resort,Papa Roach,1435235704,,
,Moscow Mule,Bad Bunny,1432904583,,
,APT.,ROSÉ,1427866012,,
,LUNA,Feid,1427152913,,
,Es un Secreto,Plan B,1426504235,,
,Sailor Song,Gigi Perez,1425795841,,
,You Give Love A Bad Name,Bon Jovi,1423984374,,
,Nonsense,Sabrina Carpenter,1423362463,,
,All The Small Things,blink-182,1421893401,,
,If I Ain't Got You,Alicia Keys,1419027162,,
,End of Beginning,Djo,1413619520,,
,Basket Case,Green Day,1411114997,,
,Streets,Doja Cat,1410583517,,
,Lose You To Love Me,Selena Gomez,1405522079,,
,Goodbyes,Post Malone,1403886918,,
,Something in the Orange,Zach Bryan,1398387632,,
,Like Crazy,Jimin,1397929378,,
,Butter,BTS,1395507959,,
,Feel So Close,Calvin Harris,1394410573,,
,Bitter Sweet Symphony,The Verve,1392982094,,
,un x100to,Grupo Frontera,1389767827,,
,Break My Heart,Dua Lipa,1379349234,,
,That's So True,Gracie Abrams,1376598719,,
,I Was Made For Lovin' You,KISS,1374971511,,
,Look What You Made Me Do,Taylor Swift,1373875782,,
,Desesperados,Rauw Alejandro,1373021993,,
,MIDDLE OF THE NIGHT,Elley Duhé,1372720650,,
,Astronaut In The Ocean,Masked Wolf,1370398331,,
,What Lovers Do,Maroon 5,1369345201,,
,TQG,KAROL G,1367463275,,
,Midnight City,M83,1365395832,,
,Latch,Disclosure,1364869997,,
,La Curiosidad,Jay Wheeler,1364210744,,
,Various Artists -,,1363004915,,
,Toxicity,System Of A Down,1362476152,,
,I'm the One,DJ Khaled,1359895871,,
,Stay,Zedd,1359140799,,
,Wannabe,Spice Girls,1358320675,,
,MONEY,LISA,1356307545,,
,Last Night,Morgan Wallen,1356268586,,
,The Reason,Hoobastank,1352252720,,
,Head & Heart,Joel Corry,1348343051,,
,Dog Days Are Over,Florence + The Machine,1348108141,,
,Intentions,Justin Bieber,1344671570,,
,20 Min,Lil Uzi Vert,1338912475,,
,Stuck with U,Ariana Grande,1338168677,,
,Are You With Me,Lost Frequencies,1338047157,,
,Baby,Justin Bieber,1334075150,,
,The Business,Tiësto,1333889361,,
,Crazy,Gnarls Barkley,1333612214,,
,Prayer in C,Lilly Wood and The Prick,1333536320,,
,Should I Stay or Should I Go,The Clash,1330189712,,
,It Will Rain,Bruno Mars,1329613419,,
,Tennessee Whiskey,Chris Stapleton,1329075747,,
,Clocks,Coldplay,1328516859,,
,Paradise City,Guns N' Roses,1326660321,,
,QLONA,KAROL G,1326430391,,
,Otherside,Red Hot Chili Peppers,1325127674,,
,SNAP,Rosa Linn,1322807770,,
,This Girl,Kungs,1322523549,,
,Scar Tissue,Red Hot Chili Peppers,1317215036,,
,Standing Next to You,Jung Kook,1314224753,,
,China,Anuel AA,1314185410,,
,All Star,Smash Mouth,1308758194,,
,Your Love,The Outfield,1308329459,,
,What You Know Bout Love,Pop Smoke,1306373808,,
,With Or Without You,U2,1305615842,,
,Fast Car,Jonas Blue,1302375345,,
,Rockin' Around The Christmas Tree,Brenda Lee,1301468493,,
,Santa Tell Me,Ariana Grande,1298269033,,
,You Make My Dreams (Come True),Daryl Hall & John Oates,1296392200,,
,Bad Liar,Imagine Dragons,1293874715,,
,La Bebe,Yng Lvcas,1293149374,,
,Let Me Love You,Mario,1293099734,,
,Te Boté,Nio Garcia,1290334561,,
,LALA,Myke Towers,1283321444,,
,Memories,David Guetta,1283210907,,
,Snow (Hey Oh),Red Hot Chili Peppers,1282758848,,
,Like I'm Gonna Lose You,Meghan Trainor,1282616836,,
,White Iverson,Post Malone,1279014393,,
,Feliz Cumpleaños Ferxxo,Feid,1278587012,,
,Little Talks,Of Monsters and Men,1277367889,,
,Could You Be Loved,Bob Marley & The Wailers,1274326878,,
,Human,Rag'n'Bone Man,1270167736,,
,Uptown Girl,Billy Joel,1268095835,,
,July,Noah Cyrus,1266182644,,
,"You're Gonna Go Far, Kid",The Offspring,1265669415,,
,Chantaje,Shakira,1265120373,,
,Calma,Pedro Capó,1264481819,,
,Gasolina,Daddy Yankee,1262129539,,
,Yes Indeed,Lil Baby,1260463102,,
,Sunroof,Nicky Youre,1260031026,,
,Video Games,Lana Del Rey,1259999823,,
,Everywhere,Fleetwood Mac,1259955202,,
,American Idiot,Green Day,1259692667,,
,Go Your Own Way,Fleetwood Mac,1258647753,,
,Infinity,Jaymes Young,1250344210,,
,Snowman,Sia,1249640935,,
,Angels Like You,Miley Cyrus,1248218834,,
,I Don't Want to Miss a Thing,Aerosmith,1247114966,,
,Bank Account,21 Savage,1245410674,,
,Roses,The Chainsmokers,1243148047,,
,Delicate,Taylor Swift,1237360830,,
,Send My Love (To Your New Lover),Adele,1235738946,,
,For The Night,Pop Smoke,1234566707,,
,Sorry Not Sorry,Demi Lovato,1234541020,,
,I Remember Everything,Zach Bryan,1234141789,,
,Hey Mor,Ozuna,1233453623,,
,Dior,Pop Smoke,1231282859,,
,Jingle Bell Rock,Bobby Helms,1230075275,,
,House of the Rising Sun,The Animals,1228269747,,
,Best Day Of My Life,American Authors,1227629742,,
,DESPECHÁ,ROSALÍA,1227484245,,
,The Middle,Jimmy Eat World,1227404847,,
,After Hours,The Weeknd,1225665617,,
,Swalla,Jason Derulo,1225299411,,
,My House,Flo Rida,1223967644,,
,Murder on My Mind,YNW Melly,1221106836,,
,You Are The Reason,Calum Scott,1219809986,,
,Middle,DJ Snake,1218401282,,
,Complicated,Avril Lavigne,1218325323,,
,What I've Done,Linkin Park,1217616957,,
,Hey Brother,Avicii,1217278250,,
,Breaking Me,Topic,1215633021,,
,I Want to Know What Love Is,Foreigner,1214679514,,
,Where Are Ü Now,Jack Ü,1214573944,,
,Dile,Don Omar,1212511489,,
,Hold the Line,TOTO,1211032350,,
,Water,Tyla,1208589993,,
,The Kids Aren't Alright,The Offspring,1205474131,,
,Wake Up in the Sky,Bruno Mars,1203211372,,
,What's Up?,4 Non Blondes,1201172215,,
,Savage Love (Laxed,Jawsh 685,1199292549,,
,Take Me Out,Franz Ferdinand,1197862346,,
,Temperature,Sean Paul,1197803972,,
,Kings & Queens,Ava Max,1197579665,,
,Teenagers,My Chemical Romance,1196830271,,
,Love Me Harder,Ariana Grande,1196270795,,
,Stairway to Heaven,Led Zeppelin,1194110639,,
,Or Nah,Ty Dolla $ign,1193849599,,
,Rain On Me,Lady Gaga,1193187318,,
,The Way Life Goes,Lil Uzi Vert,1189969592,,
,Can't Help Falling in Love,Elvis Presley,1188683512,,
,How You Like That,BLACKPINK,1188571191,,
,November Rain,Guns N' Roses,1187739341,,
,Kryptonite,3 Doors Down,1187709592,,
,Rewrite The Stars,James Arthur,1187548267,,
,Him & I,G-Eazy,1185652756,,
,CLASSY 101,Feid,1184876489,,
,A Bar Song (Tipsy),Shaboozey,1182806150,,
,It's Beginning to Look a Lot like Christmas,Michael Bublé,1182489068,,
,It's Beginning to Look a Lot Like Christmas,Michael Bublé,1182489068,,
,"10,000 Hours",Dan + Shay,1181145467,,
,Rewrite The Stars,Zac Efron,1180925111,,
,Wake Me Up Before You Go-Go,Wham!,1180581905,,
,I Love It,Icona Pop,1178680449,,
,THATS WHAT I WANT,Lil Nas X,1178102241,,
,double take,Dhruv,1171337530,,
,Let Me Go,Hailee Steinfeld,1169702511,,
,On Top Of The World,Imagine Dragons,1168475506,,
,PERRO NEGRO,Bad Bunny,1168241250,,
,Nothing Breaks Like a Heart,Mark Ronson,1166410061,,
,Wrecking Ball,Miley Cyrus,1162071015,,
,Elastic Heart,Sia,1158641583,,
,X,Nicky Jam,1158541790,,
,Stole the Show,Kygo,1156565213,,
,I Kissed A Girl,Katy Perry,1152919857,,
,Borro Cassette,Maluma,1152782303,,
,When It Rains It Pours,Luke Combs,1152174488,,
,Mr. Blue Sky,Electric Light Orchestra,1150933173,,
,This Town,Niall Horan,1148704536,,
,Crazy Little Thing Called Love,Queen,1148074903,,
,Perfect,One Direction,1147850734,,
,Not Allowed,TV Girl,1146069316,,
,Song 2,Blur,1144248669,,
,Love You Like A Love Song,Selena Gomez & The Scene,1139907979,,
,It's My Life,Bon Jovi,1139898734,,
,Bye Bye Bye,*NSYNC,1139880102,,
,Physical,Dua Lipa,1139092134,,
,MAMIII,Becky G,1137397682,,
,La Santa,Bad Bunny,1137167401,,
,Killing In The Name,Rage Against The Machine,1136242989,,
,Jealous,Eyedress,1134488850,,
,Go Flex,Post Malone,1133291491,,
,Diles,Bad Bunny,1132552876,,
,Drops Of Jupiter,Train,1131105057,,
,If I Can't Have You,Shawn Mendes,1130231726,,
,Nevermind,Dennis Lloyd,1130198766,,
,Piano Man,Billy Joel,1128189455,,
,Candy Paint,Post Malone,1128086181,,
,Mine,Bazzi,1128033040,,
,Use Somebody,Kings of Leon,1127618416,,
,Down Under,Men At Work,1125561154,,
,Faint,Linkin Park,1125289820,,
,Left and Right (Feat. Jung Kook of BTS),Charlie Puth,1123441052,,
,Late Night Talking,Harry Styles,1122126505,,
,Bad Moon Rising,Creedence Clearwater Revival,1120007178,,
,What Is Love (Original 7' Mix),Haddaway,1119391550,,
,Soltera (Remix),Lunay,1118629687,,
,34+35,Ariana Grande,1117767435,,
,LA NOCHE DE ANOCHE,Bad Bunny,1117300585,,
,DtMF,Bad Bunny,1115095512,,
,Vete,Bad Bunny,1114287146,,
,Si Estuviésemos Juntos,Bad Bunny,1113745811,,
,"Shakira: Bzrp Music Sessions, Vol. 53",Bizarrap,1113217047,,
,Master of Puppets (Remastered),Metallica,1106338400,,
,RAPSTAR,Polo G,1105297586,,
,Home,Edward Sharpe & The Magnetic Zeros,1105063772,,
,All Too Well (10 Minute Version) (Taylor's Version) (From The Vault),Taylor Swift,1104229806,,
,Se Preparó,Ozuna,1099304991,,
,Strip That Down,Liam Payne,1097347744,,
,Lo Siento BB:/,Tainy,1096786650,,
,Shotgun,George Ezra,1096343751,,
,No One,Alicia Keys,1094310075,,
,Amanece,Anuel AA,1092859920,,
,Cry,Cigarettes After Sex,1091505802,,
,Dancing In the Dark,Bruce Springsteen,1091444772,,
,Beautiful Crazy,Luke Combs,1091424579,,
,Come & Go,Juice WRLD,1088681612,,
,Nobody Gets Me,SZA,1087913252,,
,I Hate Everything About You,Three Days Grace,1086433493,,
,Forever Young,Alphaville,1083538423,,
,Piece Of Your Heart,MEDUZA,1083118864,,
,Washing Machine Heart,Mitski,1082923811,,
,Love Me Again,V,1082852421,,
,AMARGURA,KAROL G,1081824517,,
,So Sick,Ne-Yo,1081628263,,
,Love Story (Taylor's Version),Taylor Swift,1081183522,,
,Bailando,Enrique Iglesias,1079432928,,
,Love In The Dark,Adele,1078835641,,
,Adan y Eva,Paulo Londra,1076122048,,
,Lost on You,LP,1073754709,,
,Felices los 4,Maluma,1073168919,,
,Wishing Well,Juice WRLD,1073054969,,
,In Your Eyes,The Weeknd,1072455423,,
,Jump,Van Halen,1071852841,,
,Somebody Told Me,The Killers,1071096211,,
,Una Noche en Medellín,Cris MJ,1070863137,,
,One Step Closer,Linkin Park,1068787985,,
,Martin & Gina,Polo G,1067064811,,
,Never Be the Same,Camila Cabello,1065883506,,
,RITMO (Bad Boys For Life),Black Eyed Peas,1063537218,,
,Whiskey Glasses,Morgan Wallen,1061378449,,
,Truth Hurts,Lizzo,1060792603,,
,Lean Wit Me,Juice WRLD,1058744778,,
,Bam Bam,Camila Cabello,1057890378,,
,Sunday Best,Surfaces,1057525589,,
,Evergreen,Richy Mitch & The Coal Miners,1057089185,,
,Never Gonna Give You Up (2022 Remaster),Rick Astley,1055002306,,
,Somebody To Love,Queen,1054927430,,
,Still into You,Paramore,1053698289,,
,Tainted Love,Soft Cell,1053334862,,
,Don't Wanna Know,Maroon 5,1052033780,,
,How Do You Sleep?,Sam Smith,1051964837,,
,Leave Before You Love Me,Marshmello,1049952871,,
,Say My Name,Destiny's Child,1049462263,,
,2055,Sleepy Hallow,1045517380,,
,Columbia,Quevedo,1045230377,,
,Friends,Chase Atlantic,1045162105,,
,Otra Vez,Zion & Lennox,1043979359,,
,Bandit,Juice WRLD,1041141666,,
,Misery Business,Paramore,1040671834,,
,3D,Jung Kook,1039540023,,
,Échame La Culpa,Luis Fonsi,1038282660,,
,Lalala,Y2K,1037203377,,
,I Write Sins Not Tragedies,Panic! At The Disco,1036957581,,
,All I Want,Olivia Rodrigo,1036798686,,
,Bleeding Love,Leona Lewis,1036657570,,
,snowfall,Øneheart,1036237100,,
,Footloose,Kenny Loggins,1035025405,,
,Hold On,Chord Overstreet,1034506017,,
,willow,Taylor Swift,1032978415,,
,Look Alive,BlocBoy JB,1032071913,,
,Everybody Talks,Neon Trees,1031679701,,
,It's the Most Wonderful Time of the Year,Andy Williams,1030242718,,
,More Than A Feeling,Boston,1030049595,,
,Versace on the Floor,Bruno Mars,1029671478,,
,Duality,Slipknot,1027806217,,
,Lose Control,MEDUZA,1027271864,,
,Total Eclipse of the Heart,Bonnie Tyler,1026298018,,
,My Boo,USHER,1022270864,,
,Propuesta Indecente,Romeo Santos,1020306071,,
,After Dark,Mr.Kitty,1019769148,,
,WITHOUT YOU,The Kid LAROI,1018123048,,
,ily (i love you baby),Surf Mesa,1018102447,,
,FAKE LOVE,BTS,1017847809,,
,Ballin',Mustard,1016979203,,
,Boss Bitch,Doja Cat,1015690902,,
,Formula,Labrinth,1015213644,,
,Golden,Harry Styles,1014380435,,
,Santeria,Sublime,1011785968,,
,QUE PRETENDES,J Balvin,1009264773,,
,Magnolia,Playboi Carti,1009090155,,
,Don't Go Breaking My Heart,Elton John,1007789909,,
,QUE ONDA,Calle 24,1007158947,,
,Island In The Sun,Weezer,1006660858,,
,Train Wreck,James Arthur,1005618849,,
,Déjala Que Vuelva,Piso 21,1004730458,,
,You Right,Doja Cat,1004685147,,
,Dancin,Aaron Smith,1004205902,,
,Criminal,NATTI NATASHA,1002280423,,
,Love Galore,SZA,1000646231,,
,Feather,Sabrina Carpenter,1000096855,,
,Master Of Puppets,Metallica,999222614,,
,Waka Waka (This Time for Africa) [The Official 2010 FIFA World Cup (TM) Song],Shakira,998725100,,
,Neverita,Bad Bunny,998481457,,
,Bandit,Juice WRLD,997800229,,
,Never Be Like You,Flume,996757542,,
,Jump,Van Halen,995850318,,
,Better Together,Jack Johnson,995707204,,
,Échame La Culpa,Luis Fonsi,994318531,,
,exile,Taylor Swift,994121674,,
,Team,Lorde,993739383,,
,Breezeblocks,alt-J,993327359,,
,Break Stuff,Limp Bizkit,993280931,,
,Is This Love,Bob Marley & The Wailers,992399799,,
,2055,Sleepy Hallow,991397627,,
,Lose Control,MEDUZA,990904324,,
,Normal,Feid,990650810,,
,Whistle,Flo Rida,990103395,,
,I Miss You,blink-182,989818708,,
,Heart-Shaped Box,Nirvana,989618429,,
,Safaera,Bad Bunny,988702531,,
,El Perdón,Nicky Jam,987388380,,
,Cinnamon Girl,Lana Del Rey,986187608,,
,I Like You (A Happier Song),Post Malone,983252243,,
,Austin (Boots Stop Workin'),Dasha,982767360,,
,Body Like A Back Road,Sam Hunt,980705178,,
,Worth It,Fifth Harmony,979153110,,
,Call On Me,Starley,979117628,,
,What Is Love,Haddaway,978962653,,
,Yandel 150,Yandel,978562029,,
,Wind Of Change,Scorpions,978540874,,
,Si Veo a Tu Mamá,Bad Bunny,978448059,,
,Moral of the Story,Ashe,978267808,,
,Una Noche en Medellín,Cris MJ,977963556,,
,The Motto,Tiësto,977225235,,
,QUE VUELVAS,Grupo Frontera,977133253,,
,Primera Cita,Carín León,976667985,,
,Ballin',Mustard,976490762,,
,Pareja Del Año,Sebastian Yatra,975852080,,
,A Thousand Miles,Vanessa Carlton,975815047,,
,Amanece,Anuel AA,975765872,,
,Tainted Love,Soft Cell,975663975,,
,Pon de Replay,Rihanna,975633515,,
,ily (i love you baby),Surf Mesa,975405084,,
,Según Quién,Maluma,974663136,,
,Bodak Yellow,Cardi B,974520011,,
,In My Blood,Shawn Mendes,973710693,,
,Cupid (Twin Ver.),FIFTY FIFTY,973710128,,
,LOKERA,Rauw Alejandro,973702874,,
,Never Gonna Give You Up,Rick Astley,972547305,,
,Kill This Love,BLACKPINK,972002118,,
,I Write Sins Not Tragedies,Panic! At The Disco,971768146,,
,Leave Before You Love Me,Marshmello,970702424,,
,Lovin On Me,Jack Harlow,969897039,,
,Otra vez,Zion & Lennox,969816645,,
,Say My Name,Destiny's Child,969678939,,
,Shower,Becky G,968470048,,
,Rich Girl,Daryl Hall & John Oates,967946438,,
,Bleeding Love,Leona Lewis,967224080,,
,Like a Stone,Audioslave,966590092,,
,Mr. Jones,Counting Crows,966513295,,
,Monster,Skillet,966281114,,
,Party Monster,The Weeknd,966108547,,
,Prada,cassö,965950761,,
,Judas,Lady Gaga,965700505,,
,Dancing In the Dark,Bruce Springsteen,965597621,,
,Footloose,Kenny Loggins,964640575,,
,"Sugar, We're Goin Down",Fall Out Boy,963327987,,
,Is There Someone Else?,The Weeknd,963325645,,
,TV,Billie Eilish,963250814,,
,The Man,Taylor Swift,963083857,,
,Enchanted,Taylor Swift,963076170,,
,Welcome to the Black Parade,My Chemical Romance,962576701,,
,Pop Out,Polo G,962069570,,
,Hold On,Chord Overstreet,960940960,,
,Wicked Game,Chris Isaak,960829539,,
,Teenage Fever,Drake,959991059,,
,BICHOTA,KAROL G,959352518,,
,Hey Mama,David Guetta,959344567,,
,Stargazing,Myles Smith,957819346,,
,LA INOCENTE,Mora,957731977,,
,After Dark,Mr.Kitty,957595097,,
,La Diabla,Xavi,957370083,,
,No Money,Galantis,957271972,,
,Don't Dream It's Over,Crowded House,956792591,,
,Chill Bill,Rob $tone,956716801,,
,...Ready For It?,Taylor Swift,956567968,,
,Vaina Loca,Ozuna,955064615,,
,Good Riddance (Time of Your Life),Green Day,954867879,,
,ME!,Taylor Swift,954829498,,
,Criminal,NATTI NATASHA,954764202,,
,Pump It,Black Eyed Peas,954740955,,
,Try,P!nk,954737462,,
,Wildest Dreams (Taylor's Version),Taylor Swift,954515380,,
,Déjala Que Vuelva,Piso 21,953854106,,
,Bitch Better Have My Money,Rihanna,952750734,,
,Million Reasons,Lady Gaga,952191852,,
,Wake Me up When September Ends,Green Day,951299568,,
,Do It To It,ACRAZE,951267469,,
,Lonely,Justin Bieber,950699570,,
,Therefore I Am,Billie Eilish,950679091,,
,About Damn Time,Lizzo,950556131,,
,Everybody Talks,Neon Trees,950490291,,
,Born To Die,Lana Del Rey,949937094,,
,The Pretender,Foo Fighters,948146811,,
,Die Young,Kesha,947518150,,
,Somebody Else,The 1975,946586990,,
,Dancin,Aaron Smith,946237076,,
,Pink Pony Club,Chappell Roan,946121985,,
,More Than a Feeling,Boston,945836256,,
,Hold Me While You Wait,Lewis Capaldi,944304212,,
,Don't Speak,No Doubt,943805225,,
,Call on Me,Starley,942849098,,
,Tiroteo,Marc Seguí,942500057,,
,The Sound of Silence,Disturbed,942244033,,
,Boys Don't Cry,The Cure,942175302,,
,Wasted On You,Morgan Wallen,942006062,,
,Knockin' On Heaven's Door,Guns N' Roses,941901674,,
,Disturbia,Rihanna,940789851,,
,Wish You Were Here,Pink Floyd,940777510,,
,Si No Estás,iñigo quintero,938866789,,
,Dust in the Wind,Kansas,938665861,,
,Body Like A Back Road,Sam Hunt,938375495,,
,Rosas,La Oreja de Van Gogh,937632542,,
,Breezeblocks,alt-J,936985473,,
,Down with the Sickness,Disturbed,935257199,,
,Roxanne,The Police,934839811,,
,Pretty Girl,Maggie Lindemann,934655965,,
,Yandel 150,Yandel,934550509,,
,I'm Gonna Be (500 Miles),The Proclaimers,934101848,,
,Love Sosa,Chief Keef,933395216,,
,Safaera,Bad Bunny,933205840,,
,I Hate Everything About You,Three Days Grace,932644204,,
,Loco Contigo,DJ Snake,931744800,,
,Walking On Sunshine,Katrina & The Waves,931524162,,
,Never Be Like You,Flume,931215430,,
,UN DIA (ONE DAY) (Feat. Tainy),J Balvin,930597552,,
,Me Gustas Tu,Manu Chao,930175361,,
,Skinny Love,Birdy,930045761,,
,All I Want,Olivia Rodrigo,929834254,,
,BOP,DaBaby,929818953,,
,This Is Me,Keala Settle,929803808,,
,Neverita,Bad Bunny,929717297,,
,Pop Out,Polo G,929657854,,
,Pink Venom,BLACKPINK,929461773,,
,Let It Go,Idina Menzel,929375916,,
,Still into You,Paramore,928310508,,
,Renegades,X Ambassadors,927869079,,
,Evergreen,Richy Mitch & The Coal Miners,927731532,,
,Ribs,Lorde,927574440,,
,Total Eclipse of the Heart,Bonnie Tyler,926682749,,
,Lost Boy,Ruth B.,926054428,,
,Friday I'm In Love,The Cure,925669674,,
,679,Fetty Wap,925000103,,
,CUFF IT,Beyoncé,924678506,,
,Dani California,Red Hot Chili Peppers,924124462,,
,Armed And Dangerous,Juice WRLD,923653014,,
,Chill Bill,Rob $tone,923558723,,
,Wants and Needs,Drake,923470300,,
,Tarot,Bad Bunny,923211658,,
,The Motto,Tiësto,922523919,,
,Lamento Boliviano,Los Enanitos Verdes,922394936,,
,Houdini,Dua Lipa,922313496,,
,Thnks fr th Mmrs,Fall Out Boy,922302953,,
,Baby Shark,Pinkfong,922091816,,
,LADY GAGA,Peso Pluma,922077422,,
,All About That Bass,Meghan Trainor,921988715,,
,Landslide,Fleetwood Mac,921608307,,
,A Mí,Rels B,921450144,,
,Wagon Wheel,Darius Rucker,920691561,,
,No Money,Galantis,920582965,,
,Don't Go Breaking My Heart,Elton John,920397692,,
,ME!,Taylor Swift,920278909,,
,Forever Young,Alphaville,919393217,,
,QUE ONDA,Calle 24,919266222,,
,Five More Hours,Deorro,919209612,,
,comethru,Jeremy Zucker,917845438,,
,Te Vi,Piso 21,917764466,,
,Made You Look,Meghan Trainor,917467932,,
,Qué Más Pues?,J Balvin,916641337,,
,Mr. Jones,Counting Crows,915176040,,
,Venom,Eminem,914967249,,
,Immigrant Song,Led Zeppelin,914526662,,
,Hey Mama,David Guetta,914166939,,
,What About Us,P!nk,913973734,,
,Mistletoe,Justin Bieber,913078095,,
,Pareja Del Año,Sebastian Yatra,911879020,,
,Slow It Down,Benson Boone,911859766,,
,Moral of the Story,Ashe,911781459,,
,Vienna,Billy Joel,911773696,,
,Broccoli,DRAM,911574360,,
,Duality,Slipknot,911021142,,
,Ella Y Yo,Aventura,910808060,,
,Devil Eyes,Hippie Sabotage,910334890,,
,About Damn Time,Lizzo,909972058,,
,What's My Age Again?,blink-182,909750325,,
,Broken Clocks,SZA,909748400,,
,House of Memories,Panic! At The Disco,908834340,,
,I Miss You,blink-182,908529220,,
,Sola (Remix),Anuel AA,907884187,,
,Tal Vez,Paulo Londra,907397816,,
,You Proof,Morgan Wallen,906660935,,
,Walk Of Life,Dire Straits,905568778,,
,Right Round,Flo Rida,904961418,,
,T.N.T.,AC/DC,904939088,,
,Black Hole Sun,Soundgarden,904754940,,
,It Must Have Been Love,Roxette,904658648,,
,Desconocidos,Mau y Ricky,904417265,,
,Island In The Sun,Weezer,903251836,,
,Volví,Aventura,901750228,,
,El Azul,Junior H,901572645,,
,Kill This Love,BLACKPINK,901421158,,
,A Tu Merced,Bad Bunny,901173870,,
,Kill This Love,MUSIC LAB JPN,900398438,,
,Calling My Phone,Lil Tjay,899909325,,
,BAILE INoLVIDABLE,Bad Bunny,899817654,,
,Kill This Love,DJ MIX NON-STOP CHANNEL,899644060,,
,Do It To It,ACRAZE,899011508,,
,WHERE SHE GOES,Bad Bunny,898985932,,
,Kill This Love,LOVE BGM JPN,898667803,,
,Downtown,Anitta,898447050,,
,A Horse with No Name,America,898197510,,
,You Get Me So High,The Neighbourhood,898082752,,
,I Still Haven't Found What I'm Looking For,U2,896984682,,
,Where's My Love,SYML,896363845,,
,Heaven,Bryan Adams,895610810,,
,Is This Love,Bob Marley & The Wailers,895580480,,
,Savior,Rise Against,895152153,,
,Controlla,Drake,894712341,,
,Escápate Conmigo,Wisin,894088416,,
,Lost Boy,Ruth B.,893120558,,
,Save That Shit,Lil Peep,893016938,,
,Little Lion Man,Mumford & Sons,892653641,,
,Sunset Lover,Petit Biscuit,891989534,,
,A Thousand Miles,Vanessa Carlton,891794003,,
,Ahora Te Puedes Marchar,Luis Miguel,891203992,,
,Good Feeling,Flo Rida,890593811,,
,I Don't Fuck With You,Big Sean,890503821,,
,Ella Quiere Beber,Anuel AA,890481643,,
,Life is a Highway,Rascal Flatts,890200083,,
,Miénteme,TINI,889741061,,
,Enjoy the Silence,Depeche Mode,888622191,,
,Freestyle,Lil Baby,887783939,,
,exile,Taylor Swift,887140317,,
,Worth It,Fifth Harmony,886766432,,
,Hear Me Now,Alok,885761607,,
,Malibu,Miley Cyrus,885385772,,
,YKWIM?,Yot Club,885203607,,
,Wherever You Will Go,The Calling,884703570,,
,comethru,Jeremy Zucker,884675885,,
,Kiss Me Thru The Phone,Soulja Boy,884575908,,
,All About That Bass,Meghan Trainor,884063539,,
,wish you were gay,Billie Eilish,884055226,,
,LUNCH,Billie Eilish,883977660,,
,Killing Me Softly With His Song,Fugees,883774909,,
,QUE VUELVAS,Grupo Frontera,883550935,,
,2U,David Guetta,882136791,,
,Friends,Chase Atlantic,882108746,,
,The Pretender,Foo Fighters,881655606,,
,This Is Me,Keala Settle,881192806,,
,Loco Contigo,DJ Snake,880731538,,
,Reality,Lost Frequencies,879374804,,
,Prisoner,Miley Cyrus,877695135,,
,Welcome to the Black Parade,My Chemical Romance,877283366,,
,Heading South,Zach Bryan,876852192,,
,Animal I Have Become,Three Days Grace,876813018,,
,Notion,The Rare Occasions,876291593,,
,LA INOCENTE,Mora,876125450,,
,Qué Más Pues?,J Balvin,876039313,,
,Party Girl,StaySolidRocky,875586857,,
,Alone,Alan Walker,874877408,,
,Five More Hours,Deorro,874186909,,
,679,Fetty Wap,873753417,,
,Wind Of Change,Scorpions,873681825,,
,Hasta la Raíz,Natalia Lafourcade,873623269,,
,Prada,cassö,873472174,,
,Work Song,Hozier,872405895,,
,Love Sosa,Chief Keef,871597750,,
,Crazy Train,Ozzy Osbourne,871357405,,
,La Diabla,Xavi,871164229,,
,CÓMO SE SIENTE,JHAYCO,871054272,,
,Jumpman,Drake,870316603,,
,Según Quién,Maluma,870228604,,
,Lonely Day,System Of A Down,869644896,,
,Mr. Jones,Counting Crows,869435175,,
,Hurricane,Luke Combs,868521432,,
,Yummy,Justin Bieber,868272382,,
,18,One Direction,867866628,,
,No Hands,Waka Flocka Flame,867510327,,
,Goosebumps,Travis Scott,867025575,,
,OMG,NewJeans,866753267,,
,Sailor Song,Gigi Perez,866302642,,
,Rich Girl,Daryl Hall & John Oates,866291974,,
,Free Fallin',Tom Petty,865992667,,
,Marvin Gaye,Charlie Puth,865669016,,
,Swervin,A Boogie Wit da Hoodie,865195933,,
,Shameless,Camila Cabello,864948462,,
,Sunset Lover,Petit Biscuit,864053251,,
,Doin' Time,Lana Del Rey,863152144,,
,Holy,Justin Bieber,862982700,,
,Eenie Meenie,Sean Kingston,862856333,,
,From The Start,Laufey,862629931,,
,I'm Gonna Be (500 Miles),The Proclaimers,862527402,,
,Chicken Fried,Zac Brown Band,862107439,,
,That's So True,Gracie Abrams,861798625,,
,LOKERA,Rauw Alejandro,861340921,,
,Dust in the Wind,Kansas,860811335,,
,Adicto,Tainy,860205979,,
,Volví,Aventura,860157665,,
,Walking On Sunshine,Katrina & The Waves,860116730,,
,Bad At Love,Halsey,860015066,,
,What A Time,Julia Michaels,859359068,,
,Alors on danse,Stromae,859039216,,
,Secreto,Anuel AA,858527287,,
,Sin Pijama,Becky G,858411981,,
,Boys Don't Cry,The Cure,858403545,,
,Fast Car,Luke Combs,858026982,,
,Belong Together,Mark Ambor,857966142,,
,Down with the Sickness,Disturbed,857847840,,
,Primera Cita,Carín León,857535398,,
,El Merengue,Marshmello,856827033,,
,Ain't Nobody (Loves Me Better),Felix Jaehn,856757216,,
,It's Time,Imagine Dragons,856163921,,
,Don't Speak,No Doubt,855819496,,
,Si No Estás,iñigo quintero,855738740,,
,Lavender Haze,Taylor Swift,855354093,,
,Devil Eyes,Hippie Sabotage,854946679,,
,Getaway Car,Taylor Swift,854564574,,
,Believe,Cher,854206374,,
,Glock In My Lap,21 Savage,854039415,,
,Calling My Phone,Lil Tjay,853770165,,
,Beautiful Mistakes,Maroon 5,853638729,,
,Life Goes On,BTS,851281743,,
,Party,Bad Bunny,851265237,,
,Raise Your Glass,P!nk,851259895,,
,We Are The Champions,Queen,850994121,,
,Kickstart My Heart,Mötley Crüe,850936313,,
,Nothing's Gonna Stop Us Now,Starship,849122325,,
,Tarot,Bad Bunny,848723387,,
,Miénteme,TINI,848544440,,
,Volando,Mora,848494390,,
,Walk It Talk It,Migos,848429031,,
,Love Someone,Lukas Graham,848277021,,
,Pure Cocaine,Lil Baby,847885031,,
,Te Vi,Piso 21,847542314,,
,Hold On,Justin Bieber,847486239,,
,Love,Keyshia Cole,847136836,,
,La Jumpa,Arcángel,846981198,,
,Me Dediqué a Perderte,Alejandro Fernández,846398042,,
,Escápate Conmigo,Wisin,846356356,,
,Hola,Dalex,845883292,,
,What's My Age Again?,blink-182,845596840,,
,OUT WEST,JACKBOYS,845340622,,
,South of the Border,Ed Sheeran,845272806,,
,I Don't Fuck With You,Big Sean,845170386,,
,3D,Jung Kook,844851556,,
,EL AMOR DE SU VIDA,Grupo Frontera,844727003,,
,Pink Venom,BLACKPINK,844661188,,
,Here Without You,3 Doors Down,844556156,,
,Reggaetón Lento (Bailemos),CNCO,844064228,,
,F.N,Lil Tjay,844050162,,
,Monster,Skillet,843263037,,
,Friday I'm In Love,The Cure,843217035,,
,Whoopty,CJ,843021742,,
,Immigrant Song,Led Zeppelin,842965944,,
,Baby Shark,Pinkfong,842455363,,
,"I Love You, I'm Sorry",Gracie Abrams,842356445,,
,Desconocidos,Mau y Ricky,841898557,,
,House of Memories,Panic! At The Disco,841509999,,
,Your Love (9PM),ATB,841436999,,
,Die Young,Kesha,840582940,,
,Save That Shit,Lil Peep,840015233,,
,Perfect Duet (Ed Sheeran & Beyoncé),Ed Sheeran,839135331,,
,MURDER IN MY MIND,Kordhell,838371570,,
,The Ocean,Mike Perry,838144721,,
,Come and Get Your Love,Redbone,837797939,,
,Tal Vez,Paulo Londra,837573847,,
,"...And to Those I Love, Thanks for Sticking Around",$uicideboy$,837570559,,
,Rosas,La Oreja de Van Gogh,837317716,,
,Party Girl,StaySolidRocky,837046085,,
,La Bicicleta,Carlos Vives,835148480,,
,Somewhere I Belong,Linkin Park,834835979,,
,Supermassive Black Hole,Muse,834719527,,
,Con Altura,ROSALÍA,834412784,,
,Yo Voy,Zion & Lennox,834398742,,
,Take It Easy,Eagles,834393860,,
,FEFE,6ix9ine,833791818,,
,Holy,Justin Bieber,833353049,,
,Hear Me Now,Alok,833172535,,
,AMG,Natanael Cano,833068244,,
,Free Bird,Lynyrd Skynyrd,832612754,,
,La Grange (2005 Remaster),ZZ Top,832258942,,
,Goosebumps,Travis Scott,831889239,,
,On My Way,Alan Walker,831484475,,
,Karma Chameleon,Culture Club,831478251,,
,Wagon Wheel,Darius Rucker,831004009,,
,I Will Wait,Mumford & Sons,830873511,,
,Mary On A Cross,Ghost,830413288,,
,Chasin' You,Morgan Wallen,830058554,,
,(I Just) Died In Your Arms,Cutting Crew,829739932,,
,Lamento Boliviano,Los Enanitos Verdes,829575986,,
,Hooked On A Feeling,Blue Swede,829129882,,
,Underneath the Tree,Kelly Clarkson,828860099,,
,Sin Pijama,Becky G,828855338,,
,We Belong Together,Mariah Carey,828307814,,
,Everytime We Touch,Cascada,828028193,,
,Feliz Navidad,José Feliciano,827998267,,
,The Kill (Bury Me),Thirty Seconds To Mars,827608279,,
,Shout Out to My Ex,Little Mix,827578630,,
,CAN'T SAY,Travis Scott,827455152,,
,Downtown,Anitta,827403495,,
,Savior,Rise Against,826777400,,
,11 PM,Maluma,826686536,,
,Me Gustas Tu,Manu Chao,826518695,,
,Eres Mía,Romeo Santos,826363050,,
,El Efecto,Rauw Alejandro,826325838,,
,Like a Stone,Audioslave,826203153,,
,Lucky,Jason Mraz,825839469,,
,Bleed It Out,Linkin Park,825372006,,
,I Still Haven't Found What I'm Looking For,U2,824873657,,
,Mon Amour,zzoilo,824567055,,
,Unconditionally,Katy Perry,823970074,,
,Crawling,Linkin Park,823954657,,
,Ditto,NewJeans,823135454,,
,Ahora Te Puedes Marchar,Luis Miguel,822436744,,
,Tiroteo,Marc Seguí,821934191,,
,Yo Perreo Sola,Bad Bunny,821732422,,
,Line Without a Hook,Ricky Montgomery,821584281,,
,Shut Down,BLACKPINK,821280366,,
,More Than Words,Extreme,821079645,,
,Solo Dance,Martin Jensen,820828383,,
,Devuélveme a mi chica,Hombres G,820626696,,
,Hasta Que Dios Diga,Anuel AA,820322031,,
,What A Time,Julia Michaels,819241040,,
,Mayores,Becky G,819205266,,
,Wild World,Yusuf / Cat Stevens,818431623,,
,Beautiful,Bazzi,818314470,,
,Start Me Up,The Rolling Stones,818020769,,
,Just the Two of Us,Bill Withers,816852013,,
,YKWIM?,Yot Club,816851979,,
,All Along the Watchtower,Jimi Hendrix,816660350,,
,Hurricane,Luke Combs,816643914,,
,Dive,Ed Sheeran,816385509,,
,Love Again,Dua Lipa,816141919,,
,Strawberries & Cigarettes,Troye Sivan,816032092,,
,Warriors,Imagine Dragons,815794301,,
,Wicked Game,Chris Isaak,815607275,,
,Supermarket Flowers,Ed Sheeran,815549985,,
,Alone,Alan Walker,815367639,,
,CARNIVAL,Â¥$,814993846,,
,People,Libianca,814899828,,
,She Got the Best of Me,Luke Combs,814659668,,
,DDU-DU DDU-DU,BLACKPINK,814402122,,
,Shoota,Playboi Carti,813677430,,
,Pure Water,Mustard,812319073,,
,1979,The Smashing Pumpkins,812257037,,
,A Mí,Rels B,812217716,,
,Caraluna,Bacilos,812166749,,
,Te Felicito,Shakira,811706521,,
,Reality,Lost Frequencies,811607394,,
,Midnight Rain,Taylor Swift,811586480,,
,Count on Me,Bruno Mars,811127578,,
,Life is a Highway,Rascal Flatts,811079076,,
,Caroline,Aminé,810902728,,
,Don't Dream It's Over,Crowded House,810868705,,
,Golden,HUNTR/X,810803248,,
,Just Wanna Rock,Lil Uzi Vert,810381690,,
,Love Someone,Lukas Graham,809859575,,
,SUBEME LA RADIO,Enrique Iglesias,809730650,,
,Killing Me Softly With His Song,Fugees,809397552,,
,For What It's Worth,Buffalo Springfield,809320533,,
,Toxic,BoyWithUke,808767568,,
,Rasputin,Majestic,808627852,,
,Paradise,MEDUZA,808257473,,
,Imagine,John Lennon,807795714,,
,Pa' Que Retozen,Tego Calderón,807588059,,
,CÓMO SE SIENTE,JHAYCO,807554924,,
,TE MUDASTE,Bad Bunny,807020476,,
,Ain't Nobody (Loves Me Better),Felix Jaehn,806852838,,
,Black Hole Sun,Soundgarden,806801682,,
,Aerials,System Of A Down,806795468,,
,New Light,John Mayer,806664078,,
,Sweet Disposition,The Temper Trap,806603856,,
,Rara Vez,Milo j,806423775,,
,Little Dark Age,MGMT,806233958,,
,idfc,blackbear,805750947,,
,Girls Need Love,Summer Walker,804977441,,
,Candy,Plan B,804715929,,
,METAMORPHOSIS,INTERWORLD,804530844,,
,Fireball,Pitbull,804493942,,
,Pa Mí,Dalex,804093415,,
,Take You Dancing,Jason Derulo,804047961,,
,Summertime Sadness (Lana Del Rey Vs. Cedric Gervais),Lana Del Rey,803947178,,
,Y LLORO,Junior H,803879336,,
,BESO,ROSALÍA,802663820,,
,Drive,Incubus,802544037,,
,GDFR,Flo Rida,802497032,,
,Mambo No. 5 (A Little Bit of...),Lou Bega,802431018,,
,Your Love (9PM),ATB,802086679,,
,Cúrame,Rauw Alejandro,801647031,,
,Cuando Nadie Ve,Morat,800474193,,
,My Oh My,Camila Cabello,800282349,,
,A Horse with No Name,America,800217267,,
,Baby Don't Hurt Me,David Guetta,800176818,,
,HOT TO GO!,Chappell Roan,799655678,,
,Robarte un Beso,Carlos Vives,799547275,,
,ceilings,Lizzy McAlpine,799538128,,
,OMG,NewJeans,799517307,,
,Una Lady Como Tú,Manuel Turizo,799301875,,
,F.N,Lil Tjay,798869287,,
,Free Fallin',Tom Petty,798671245,,
,8TEEN,Khalid,798669094,,
,Listen to the Music,The Doobie Brothers,798534146,,
,Party,Bad Bunny,797780833,,
,Shout Out to My Ex,Little Mix,797659522,,
,Go Crazy,Chris Brown,797251338,,
,Tattoo,Loreen,796888764,,
,Enjoy the Silence,Depeche Mode,796782358,,
,Where's My Love,SYML,796767520,,
,All Time Low,Jon Bellion,796251134,,
,"You're On Your Own, Kid",Taylor Swift,796125745,,
,MI EX TENÍA RAZÓN,KAROL G,795846828,,
,Stronger (What Doesn't Kill You),Kelly Clarkson,795710103,,
,Reggaetón Lento (Bailemos),CNCO,795114617,,
,rises the moon,Liana Flores,795063617,,
,Carry on Wayward Son,Kansas,795003498,,
,I Follow Rivers,Lykke Li,794577818,,
,Paper Rings,Taylor Swift,793901773,,
,Young,Vacations,793855926,,
,Heroes (we could be),Alesso,793437867,,
,OUT WEST,JACKBOYS,793168848,,
,Ella Y Yo,Aventura,792946655,,
,You're The One That I Want,John Travolta,792640628,,
,La Difícil,Bad Bunny,791879062,,
,Hola,Dalex,791667036,,
,My Songs Know What You Did In The Dark (Light Em Up),Fall Out Boy,791367250,,
,About You,The 1975,791313884,,
,The Climb,Miley Cyrus,791284799,,
,Me Niego,Reik,790970530,,
,Fly Me To The Moon (In Other Words),Frank Sinatra,790689616,,
,Here,Alessia Cara,790224033,,
,Jessie's Girl,Rick Springfield,789850943,,
,AMG,Natanael Cano,789621392,,
,Noticed,Lil Mosey,789594575,,
,Plain Jane,A$AP Ferg,789451185,,
,Rollin' (Air Raid Vehicle),Limp Bizkit,789211179,,
,One More Time,Daft Punk,789088977,,
,Don't Be Shy,Tiësto,788901555,,
,You & I,One Direction,788760775,,
,Tacones Rojos,Sebastian Yatra,788366139,,
,How Far I'll Go,Alessia Cara,788191628,,
,Hasta la Raíz,Natalia Lafourcade,787812032,,
,Can't Get You out of My Head,Kylie Minogue,787339908,,
,You Know How We Do It,Ice Cube,787121849,,
,Kiss Me Thru The Phone,Soulja Boy,786981491,,
,Red Red Wine,UB40,786381910,,
,YEAH RIGHT,Joji,786273410,,
,Panini,Lil Nas X,785910069,,
,Chicken Fried,Zac Brown Band,785340130,,
,Ahora Dice,Chris Jedi,785329635,,
,Beautiful,Bazzi,785101094,,
,PRC,Peso Pluma,784960862,,
,Wherever You Will Go,The Calling,784660702,,
,Are You Gonna Be My Girl,Jet,784629904,,
,Anyone,Justin Bieber,784596825,,
,nuts,Lil Peep,784453367,,
,Losin Control,Russ,784393674,,
,Fin de Semana,Oscar Maydon,783830681,,
,Can You Feel My Heart,Bring Me The Horizon,783793455,,
,"Whenever, Wherever",Shakira,783215410,,
,All I Ask,Adele,782631820,,
,Mambo N° 5 (A Little Bit of Monika),Lou Bega,782369622,,
,Psychosocial,Slipknot,781670264,,
,Some Nights,fun.,781577682,,
,So What,P!nk,781190344,,
,Secret Love Song,Little Mix,781164101,,
,Love Songs,Kaash Paige,780629540,,
,MURDER IN MY MIND,Kordhell,780583526,,
,18,One Direction,780353521,,
,champagne problems,Taylor Swift,779745429,,
,Magic,Coldplay,779654769,,
,Wild World,Yusuf / Cat Stevens,779596997,,
,When You Were Young,The Killers,779152608,,
,La flaca,Jarabe De Palo,778732629,,
,Pure Water,Mustard,778717049,,
,Legends,Juice WRLD,778493129,,
,Even Flow,Pearl Jam,777968886,,
,Lucky,Jason Mraz,777164329,,
,Paradise,MEDUZA,776963903,,
,TE MUDASTE,Bad Bunny,776792553,,
,Ocean Drive,Duke Dumont,776786195,,
,Hollaback Girl,Gwen Stefani,776765842,,
,Club Can't Handle Me,Flo Rida,776726127,,
,Black & Yellow,Wiz Khalifa,776677138,,
,Bandido,Myke Towers,776451920,,
,Love,Keyshia Cole,775868253,,
,Volando,Mora,775748741,,
,Roll in Peace,Kodak Black,775725892,,
,i was all over her,salvia palth,775649927,,
,All Eyez On Me,2Pac,775263406,,
,Mr. Saxobeat,Alexandra Stan,775245182,,
,Super Shy,NewJeans,774866843,,
,Mon Amour,zzoilo,774186648,,
,La Bicicleta,Carlos Vives,774081487,,
,Come On Eileen,Dexys Midnight Runners,773942538,,
,Womanizer,Britney Spears,773884167,,
,Lithium,Nirvana,773805368,,
,"...And to Those I Love, Thanks for Sticking Around",$uicideboy$,772810349,,
,All Along the Watchtower,Jimi Hendrix,772774852,,
,Bloom,The Paper Kites,771721211,,
,Nena Maldición,Paulo Londra,771481366,,
,Heading South,Zach Bryan,770786326,,
,Santa,Rvssian,770265865,,
,International Love,Pitbull,770223876,,
,Comfortably Numb,Pink Floyd,769323582,,
,Mambo No. 5 (A Little Bit of...),Lou Bega,769140039,,
,Hooked On A Feeling,Blue Swede,769133934,,
,On My Way,Alan Walker,768910096,,
,Botella Tras Botella,Gera MX,768223808,,
,Pa Mí,Dalex,768095325,,
,It Must Have Been Love,Roxette,768077633,,
,Madura,Cosculluela,767623976,,
,Boyfriend,Dove Cameron,767456670,,
,my ex's best friend,mgk,767100605,,
,Take You Dancing,Jason Derulo,767094536,,
,Unsteady,X Ambassadors,766893239,,
,Toxic,BoyWithUke,766386624,,
,Water Under the Bridge,Adele,766159122,,
,Hecha Pa' Mi,Boza,765856682,,
,Permission to Dance,BTS,765456788,,
,All Around The World (La La La),R3HAB,765134517,,
,Karma Chameleon,Culture Club,765128922,,
,Prom Queen,Beach Bunny,764851462,,
,Kill Yourself (Part III),$uicideboy$,764848434,,
,idfc,blackbear,764698676,,
,Radio,Lana Del Rey,764690776,,
,Don't Cry,Guns N' Roses,763945745,,
,At My Worst,Pink Sweat$,763742573,,
,Born This Way,Lady Gaga,763594930,,
,Secrets,OneRepublic,763587224,,
,Let's Groove,"Earth, Wind & Fire",763539192,,
,Company,Justin Bieber,763392722,,
,Crazy Train,Ozzy Osbourne,763303364,,
,Here With Me,Marshmello,763300610,,
,You Should Probably Leave,Chris Stapleton,763236879,,
,"Lo Que Pasó, Pasó",Daddy Yankee,763060948,,
,Here Without You,3 Doors Down,762187227,,
,Dueles,Jesse & Joy,761927196,,
,Holly Jolly Christmas,Michael Bublé,761831517,,
,I Can't Handle Change,Roar,760632058,,
,Uprising,Muse,760223523,,
,New Light,John Mayer,760108713,,
,"Oh, Pretty Woman",Roy Orbison,760050610,,
,Yo Voy,Zion & Lennox,759605781,,
,DDU-DU DDU-DU,BLACKPINK,759546459,,
,Tu Falta De Querer,Mon Laferte,759447005,,
,NO SE VA,Grupo Frontera,759356947,,
,Black Magic,Little Mix,759118628,,
,redrum,21 Savage,758996360,,
,my tears ricochet,Taylor Swift,758696699,,
,Believe,Cher,757809058,,
,YEAH RIGHT,Joji,757671529,,
,Tunnel Vision,Kodak Black,757289104,,
,Sweet,Cigarettes After Sex,757170298,,
,Me Niego,Reik,757088478,,
,SUBEME LA RADIO,Enrique Iglesias,756630984,,
,Before He Cheats,Carrie Underwood,756467398,,
,Eenie Meenie,Sean Kingston,756114507,,
,B.Y.O.B.,System Of A Down,755971441,,
,No Hands,Waka Flocka Flame,755775975,,
,Drop It Like It's Hot,Snoop Dogg,755726757,,
,How Far I'll Go,Auli'i Cravalho,755192397,,
,Hands To Myself,Selena Gomez,755174110,,
,Mrs. Robinson,Simon & Garfunkel,755091966,,
,Give It To Me,Matt Sassari,755016516,,
,Last Nite,The Strokes,755016103,,
,Du hast,Rammstein,754765242,,
,Vivir Mi Vida,Marc Anthony,754719206,,
,Free Bird,Lynyrd Skynyrd,754370366,,
,Freaky Friday,Lil Dicky,754020991,,
,Take What You Want,Post Malone,753833455,,
,Bad Things,mgk,753627251,,
,People,Libianca,753510057,,
,I Love It (& Lil Pump),Kanye West,753412124,,
,Summertime Sadness (Lana Del Rey Vs. Cedric Gervais),Lana Del Rey,753388989,,
,10:35,Tiësto,753261861,,
,Don't Be Shy,Tiësto,753238313,,
,More Than Words,Extreme,753234747,,
,Be the One,Dua Lipa,752791060,,
,Valerie,Mark Ronson,752177388,,
,Traicionera,Sebastian Yatra,752022366,,
,Young And Beautiful [Lana Del Rey vs. Cedric Gervais],Lana Del Rey,751991792,,
,Sk8er Boi,Avril Lavigne,751775202,,
,Money Longer,Lil Uzi Vert,751767506,,
,Took Her To The O,King Von,751459479,,
,Sanctuary,Joji,751386897,,
,Naked,James Arthur,751363777,,
,Tu Boda,Oscar Maydon,751268810,,
,Into It,Chase Atlantic,751176395,,
,Wasted,Juice WRLD,749919245,,
,Heroes (we could be),Alesso,749549609,,
,Fast Car,Luke Combs,749275685,,
,You Can Call Me Al,Paul Simon,749182249,,
,The Final Countdown,Europe,748912714,,
,Otro Trago,Sech,748711761,,
,One,Metallica,748621463,,
,Best of You,Foo Fighters,748570107,,
,Me Dediqué a Perderte,Alejandro Fernández,748380912,,
,Guess featuring billie eilish,Charli xcx,748187716,,
,Amorfoda,Bad Bunny,748144472,,
,Kickstart My Heart,Mötley Crüe,747932167,,
,Lady,Modjo,747923908,,
,Knockin' On Heaven's Door,Bob Dylan,747715658,,
,Shut Down,BLACKPINK,747637914,,
,Bandido,Myke Towers,747368639,,
,To Build A Home,The Cinematic Orchestra,747035546,,
,Ditto,NewJeans,746719825,,
,She Got the Best of Me,Luke Combs,746719711,,
,Instant Crush,Daft Punk,746707990,,
,Same Old Love,Selena Gomez,746598233,,
,Devuélveme a mi chica,Hombres G,746505399,,
,Besos En Guerra,Morat,746256774,,
,Never Really Over,Katy Perry,746206727,,
,DUELE EL CORAZON,Enrique Iglesias,746080822,,
,"Signed, Sealed, Delivered (I'm Yours)",Stevie Wonder,746021465,,
,Losin Control,Russ,746008464,,
,Notion,The Rare Occasions,745903120,,
,Please Me,Cardi B,745727524,,
,Heartless,Diplo,745332297,,
,La Grange (2005 Remaster),ZZ Top,745031808,,
,Kiss It Better,Rihanna,744812314,,
,Rasputin,Majestic,744752353,,
,Fantasias,Rauw Alejandro,744689911,,
,Come and Get Your Love,Redbone,744000147,,
,Caraluna,Bacilos,743777245,,
,Respect,Aretha Franklin,743222908,,
,Robarte un Beso,Carlos Vives,743202317,,
,Shinunoga E-Wa,Fujii Kaze,742934973,,
,Best Song Ever,One Direction,742673164,,
,SOLO,JENNIE,742605451,,
,Love On Top,Beyoncé,742549385,,
,(I Just) Died In Your Arms,Cutting Crew,742544190,,
,Someone New,Hozier,742294499,,
,Tattoo,Rauw Alejandro,741907197,,
,Miss You,Oliver Tree,741901244,,
,Smooth Operator,Sade,741849395,,
,Imitadora,Romeo Santos,741656616,,
,You Can't Hurry Love,Phil Collins,741456427,,
,Gimme Shelter,The Rolling Stones,741372555,,
,Japanese Denim,Daniel Caesar,741080399,,
,METAMORPHOSIS,INTERWORLD,740930254,,
,La Plena,W Sound,740868262,,
,Ignorantes,Bad Bunny,740752110,,
,"Dear Maria, Count Me In",All Time Low,740493892,,
,Some Nights,fun.,740345748,,
,Bounce Back,Big Sean,739994177,,
,Little Dark Age,MGMT,739477169,,
,Leave a Light On,Tom Walker,739344947,,
,Up,Cardi B,739071027,,
,Be Kind,Marshmello,738989823,,
,Intro,The xx,738192840,,
,UN PESO,J Balvin,738191079,,
,You & Me,Disclosure,737816662,,
,The Diary of Jane,Breaking Benjamin,737720600,,
,"Dance, Dance",Fall Out Boy,737555785,,
,White Noise,Granular,737331162,,
,For What It's Worth,Buffalo Springfield,737304812,,
,I Can Do It With a Broken Heart,Taylor Swift,736752849,,
,Don't Cha,The Pussycat Dolls,736018145,,
,Mary On A Cross,Ghost,736000703,,
,Whole Lotta Love,Led Zeppelin,735766349,,
,Friends,Justin Bieber,735462861,,
,Fly Me To The Moon (In Other Words),Frank Sinatra,735407170,,
,Blue (Da Ba Dee),Eiffel 65,734978431,,
,TEXAS HOLD 'EM,Beyoncé,734587272,,
,Cuando Nadie Ve,Morat,734364099,,
,Beer Never Broke My Heart,Luke Combs,734338447,,
,Self Esteem,The Offspring,734282315,,
,Weak,AJR,734081375,,
,The Kill,Thirty Seconds To Mars,733868011,,
,Pa' Que Retozen,Tego Calderón,733823281,,
,"Alone, Pt. II",Alan Walker,733766722,,
,EL AMOR DE SU VIDA,Grupo Frontera,733504931,,
,my ex's best friend,mgk,733245787,,
,Maniac,Michael Sembello,733202353,,
,Skinny Love,Bon Iver,733018565,,
,Clarity,Zedd,732847618,,
,Man! I Feel Like A Woman!,Shania Twain,732388719,,
,Bubbly,Colbie Caillat,732308899,,
,Hail to the King,Avenged Sevenfold,731788848,,
,Madonna,Natanael Cano,731663889,,
,Ahora Dice,Chris Jedi,731447653,,
,La Jeepeta,Nio Garcia,731153597,,
,One Right Now,Post Malone,730946181,,
,Kiss and Make Up,Dua Lipa,730647316,,
,Envolver,Anitta,730325324,,
,1979,The Smashing Pumpkins,729932506,,
,Un Coco,Bad Bunny,729853973,,
,10 Freaky Girls,Metro Boomin,729764629,,
,Mambo No. 5 (a Little Bit of...),Lou Bega,729760104,,
,Rara Vez,Milo j,729701934,,
,At My Worst,Pink Sweat$,729638862,,
,Sonne,Rammstein,729265417,,
,Play Hard,David Guetta,728891609,,
,Break Your Heart,Taio Cruz,728666272,,
,I'm a Mess,Bebe Rexha,728423674,,
,Applause,Lady Gaga,727905937,,
,As If It's Your Last,BLACKPINK,727708208,,
,Fuentes de Ortiz,Ed Maverick,727471410,,
,Botella Tras Botella,Gera MX,727432955,,
,All Around The World (La La La),R3HAB,727351931,,
,Carry on Wayward Son,Kansas,727306129,,
,DNA,BTS,726946001,,
,NUEVAYoL,Bad Bunny,726847964,,
,PUNTO G,Quevedo,725922483,,
,Secret Love Song,Little Mix,725896171,,
,Lights Up,Harry Styles,725755112,,
,Right My Wrongs,Bryson Tiller,725336659,,
,Bloody Mary,Lady Gaga,725123832,,
,Talking Body,Tove Lo,725102148,,
,Bad Things,mgk,724977852,,
,La Víctima,Xavi,724207304,,
,The Door,Teddy Swims,724026870,,
,Baby Don't Hurt Me,David Guetta,723871868,,
,Here With Me,Marshmello,723515413,,
,Giant,Calvin Harris,723460918,,
,CARNIVAL,Â¥$,723329108,,
,When I Come Around,Green Day,723296826,,
,Can You Feel My Heart,Bring Me The Horizon,723169686,,
,Young,Vacations,723048346,,
,Bonita,J Balvin,722490153,,
,Boyfriend,Dove Cameron,722114914,,
,Jamming,Bob Marley & The Wailers,722037908,,
,Move,Adam Port,721910856,,
,Supermassive Black Hole,Muse,721883629,,
,SABOR FRESA,Fuerza Regida,721670596,,
,Go Fuck Yourself,Two Feet,721630671,,
,Nothing's Gonna Stop Us Now,Starship,721603314,,
,No Promises,Cheat Codes,721310912,,
,the 1,Taylor Swift,721185506,,
,Alien Blues,Vundabar,721076732,,
,Papercut,Linkin Park,720997219,,
,Love,Keyshia Cole,720959639,,
,I Don't Wanna Do This Anymore,XXXTENTACION,720923685,,
,"1, 2, 3",Sofía Reyes,720817742,,
,Can I Call You Tonight?,Dayglow,720648729,,
,CHORRITO PA LAS ANIMAS,Feid,720514342,,
,I Want To Break Free,Queen,720500124,,
,SPIT IN MY FACE!,ThxSoMch,720424857,,
,Dura,Daddy Yankee,720291962,,
,21 Guns,Green Day,720221394,,
,Drive,Incubus,719792544,,
,La Gozadera,Gente De Zona,719771303,,
,Animal I Have Become,Three Days Grace,718661642,,
,La Incondicional,Luis Miguel,718340816,,
,Die A Happy Man,Thomas Rhett,718193902,,
,Belly Dancer,Imanbek,718158735,,
,Adiós Amor,Christian Nodal,718109313,,
,Hollaback Girl,Gwen Stefani,716674573,,
,Candy,Plan B,716419712,,
,Summer Days,Martin Garrix,716417289,,
,Bloom,The Paper Kites,715916109,,
,Thunder,Gabry Ponte,715867884,,
,Sweet Disposition,The Temper Trap,715545489,,
,Dile Que Tu Me Quieres,Ozuna,715431436,,
,Gives You Hell,The All-American Rejects,715129089,,
,The Search,NF,714906083,,
,Scared To Start,Michael Marcagi,714904551,,
,Line Without a Hook,Ricky Montgomery,714781450,,
,Kill Yourself (Part III),$uicideboy$,714304837,,
,Gorgeous,Taylor Swift,713309714,,
,Jessie's Girl,Rick Springfield,713023725,,
,Here,Alessia Cara,712765877,,
,Mrs. Robinson,Simon & Garfunkel,712507791,,
,Mrs. Robinson,Paul Simon,712507791,,
,The Only Exception,Paramore,712481650,,
,Run,OneRepublic,712337820,,
,Rojo,J Balvin,712273555,,
,Freaky Friday,Lil Dicky,711858330,,
,All The Things She Said,t.A.T.u.,711815960,,
,Legends Never Die,League of Legends,711270579,,
,Ignorantes,Bad Bunny,711132050,,
,YOUTH,Troye Sivan,711044468,,
,Big Girls Don't Cry (Personal),Fergie,711042333,,
,Bebe Dame,Fuerza Regida,710237493,,
,All Night,The Vamps,710126549,,
,Are You Gonna Be My Girl,Jet,709960024,,
,Gold,Kiiara,709935389,,
,Part Of Me,Katy Perry,709755110,,
,Come On Eileen,Dexys Midnight Runners,709601799,,
,You're The One That I Want,John Travolta,709152217,,
,ceilings,Lizzy McAlpine,709122397,,
,Colgando en tus manos (con Marta Sánchez),Carlos Baute,708945200,,
,Come and See Me,PARTYNEXTDOOR,708935881,,
,Dear Future Husband,Meghan Trainor,708874405,,
,Deep Phase Noise 1,Milli Hughes,708766497,,
,La Corriente,Bad Bunny,708533981,,
,夜に駆ける,YOASOBI,708456099,,
,Belong Together,Mark Ambor,707914289,,
,La Jeepeta,Nio Garcia,707848062,,
,Loyal,Chris Brown,707733899,,
,Dembow,Danny Ocean,707661909,,
,Leave Me Alone,Flipp Dinero,707581086,,
,Learn to Fly,Foo Fighters,706753350,,
,La player (Bandolera),Zion & Lennox,706676766,,
,Please Don't Go,Joel Adams,706536344,,
,Hype Boy,NewJeans,706196602,,
,Pa' Olvidarme De Ella,Piso 21,705885128,,
,Andas En Mi Cabeza,Chino & Nacho,705444161,,
,Love Myself,Hailee Steinfeld,705403804,,
,Ocean Drive,Duke Dumont,705384356,,
,Thinkin' Bout Me,Morgan Wallen,705375531,,
,Get Busy,Sean Paul,705333211,,
,You're Still The One,Shania Twain,705290965,,
,Una Vez,Bad Bunny,705247014,,
,Wicked Games,The Weeknd,704924960,,
,Black Magic,Little Mix,704803445,,
,One More Time,Daft Punk,704554856,,
,exes,Tate McRae,704422459,,
,The Greatest,Sia,704168194,,
,Miss You,Oliver Tree,704105923,,
,LA FALDA,Myke Towers,704059550,,
,Can't Remember to Forget You,Shakira,704015453,,
,Heartless,Diplo,704003794,,
,Best of You,Foo Fighters,703866197,,
,Lollipop,Lil Wayne,703559732,,
,Obsesion,Aventura,703359853,,
,La flaca,Jarabe De Palo,703286340,,
,Slow It Down,Benson Boone,703130513,,
,Psychosocial,Slipknot,702908168,,
,Can We Kiss Forever?,Kina,702690496,,
,X SI VOLVEMOS,KAROL G,702626943,,
,You & I,One Direction,702520215,,
,Bed Chem,Sabrina Carpenter,702453127,,
,No Limit,G-Eazy,702315243,,
,Sanctuary,Joji,702055671,,
,Escape (The Pina Colada Song),Rupert Holmes,701910626,,
,DUELE EL CORAZON,Enrique Iglesias,701704404,,
,You & Me,Disclosure,701635525,,
,Vente Pa' Ca,Ricky Martin,701567147,,
,You're Welcome,Dwayne Johnson,701339540,,
,Rockstar,Nickelback,701133562,,
,Madura,Cosculluela,700965303,,
,Solo,Future,700714111,,
,Super Shy,NewJeans,700238819,,
,How Far I'll Go,Auli'i Cravalho,700129942,,
,Crank That (Soulja Boy),Soulja Boy,700090407,,
,"Signed, Sealed, Delivered (I'm Yours)",Stevie Wonder,700081201,,
,Respect,Aretha Franklin,699586560,,
,Nena Maldición,Paulo Londra,699307279,,
,Perdóname,La Factoria,699289580,,
,Say My Name,David Guetta,698911983,,
,Salió El Sol,Don Omar,698909625,,
,Baba O'Riley,The Who,698854004,,
,Before He Cheats,Carrie Underwood,698529736,,
,Houdini,Eminem,698373431,,
,Harleys In Hawaii,Katy Perry,698265883,,
,Rosa Pastel,Belanova,698204686,,
,You Know How We Do It,Ice Cube,698092725,,
,I Know What You Did Last Summer,Shawn Mendes,698066104,,
,When You Love Someone,James TW,698032139,,
,Sex,Cheat Codes,697753341,,
,One,U2,697666521,,
,Little Things,One Direction,697431447,,
,Pursuit Of Happiness,Kid Cudi,697278673,,
,Jump Around,House Of Pain,697274475,,
,Skinny Love,Bon Iver,697200280,,
,The Sound of Silence,Simon & Garfunkel,697173505,,
,This Side of Paradise,Coyote Theory,696662946,,
,Hungry Eyes,Eric Carmen,696641574,,
,Green Light,Lorde,696545994,,
,Get Into It (Yuh),Doja Cat,696506403,,
,Leave a Light On,Tom Walker,696340058,,
,Vivir Mi Vida,Marc Anthony,696205117,,
,You Don't Know Me,Jax Jones,695980708,,
,Dreams,The Cranberries,695925495,,
,Envolver,Anitta,695825119,,
,Uprising,Muse,695768219,,
,Go Fuck Yourself,Two Feet,695687140,,
,rises the moon,Liana Flores,695660148,,
,Even Flow,Pearl Jam,695276050,,
,Good as Hell,Lizzo,694874524,,
,This City,Sam Fischer,694853939,,
,Rescue Me,OneRepublic,694776235,,
,Sensualidad,Bad Bunny,694603702,,
,Tattoo,Loreen,694549704,,
,Faith,George Michael,694437807,,
,To Build A Home,The Cinematic Orchestra,694437484,,
,Fuera del mercado,Danny Ocean,694434698,,
,Dile al Amor,Aventura,693839813,,
,Don't You Want Me,The Human League,693315729,,
,breathin,Ariana Grande,693086957,,
,Wide Awake,Katy Perry,693074437,,
,De Música Ligera,Soda Stereo,692812940,,
,Darkside,Alan Walker,692752339,,
,Ya No Somos Ni Seremos,Christian Nodal,692701487,,
,Plug Walk,Rich The Kid,692362687,,
,Radio Ga Ga,Queen,691729090,,
,The Final Countdown,Europe,691681102,,
,Freak On a Leash,Korn,691630608,,
,Training Season,Dua Lipa,691509870,,
,Always,Bon Jovi,690949260,,
,MONACO,Bad Bunny,690916478,,
,Si No Quieres No,Luis R Conriquez,690619570,,
,I Can't Handle Change,Roar,690383726,,
,Sky Walker,Miguel,689808766,,
,Midnight Sky,Miley Cyrus,689689616,,
,Let Me Know (I Wonder Why Freestyle),Juice WRLD,689614707,,
,Tattoo,Rauw Alejandro,689346461,,
,The Boys Of Summer,Don Henley,689179473,,
,No Se Va,Morat,688653437,,
,Lonely Boy,The Black Keys,688643762,,
,Blue (Da Ba Dee),Eiffel 65,688583093,,
,Save Tonight,Eagle-Eye Cherry,688503860,,
,How Do I Say Goodbye,Dean Lewis,688066899,,
,Various Artists -,,688066899,,
,El Gordo Trae El Mando,Chino Pacas,687963364,,
,Prom Queen,Beach Bunny,687894194,,
,Stumblin' In,CYRIL,687872454,,
,cómo dormiste?,Rels B,687776657,,
,Bubbly,Colbie Caillat,687720316,,
